{
  "users": [
    {
      "id": "2",
      "symbol": "$",
      "name": "qwerty",
      "last": "qwer",
      "change": "23456",
      "changePercent": "5678q"
    },
    {
      "id": "3",
      "symbol": "$787I7",
      "name": "qwerty",
      "last": "qwer90",
      "change": "234",
      "changePercent": "567"
    },
    {
      "id": "4",
      "symbol": "#",
      "name": "asd",
      "last": "d",
      "change": "34",
      "changePercent": "12"
    },
    {
      "id": "5",
      "symbol": "#",
      "name": "asd",
      "last": "d",
      "change": "34",
      "changePercent": "12"
    },
    {
      "id": 5,
      "symbol": "1",
      "name": "2",
      "last": "3",
      "change": "4",
      "changePercent": "5"
    },
    {
      "id": 6,
      "symbol": "12",
      "name": "12",
      "last": "2123",
      "change": "23",
      "changePercent": "233"
    }
  ]
}